company.960102.idx,49 KB,1999-10-14 13:43:04,https://www.sec.gov/Archives/edgar/daily-index/1996/QTR1/company.960102.idx,1996,f3e29eb8c6a053278df64171931c19c1,QTR1/,8e952f9bd983510bbe0ce56b3755a910
company.960103.idx,61 KB,1999-10-14 13:43:04,https://www.sec.gov/Archives/edgar/daily-index/1996/QTR1/company.960103.idx,1996,f3e29eb8c6a053278df64171931c19c1,QTR1/,6c4c23ba65ff542bbbe746af851ac4ac
company.960104.idx,162 KB,1999-10-14 13:43:04,https://www.sec.gov/Archives/edgar/daily-index/1996/QTR1/company.960104.idx,1996,f3e29eb8c6a053278df64171931c19c1,QTR1/,72eebb7ab3f35a1b87f1aecce99d1ba8
company.960105.idx,67 KB,1999-10-14 13:43:04,https://www.sec.gov/Archives/edgar/daily-index/1996/QTR1/company.960105.idx,1996,f3e29eb8c6a053278df64171931c19c1,QTR1/,7d423b7eaafa557086eedf695774ae4c
company.960108.idx,55 KB,1999-10-14 13:43:05,https://www.sec.gov/Archives/edgar/daily-index/1996/QTR1/company.960108.idx,1996,f3e29eb8c6a053278df64171931c19c1,QTR1/,3df92ad82cc6571aa846c8ef84d79e7e
company.960109.idx,55 KB,1999-10-14 13:43:05,https://www.sec.gov/Archives/edgar/daily-index/1996/QTR1/company.960109.idx,1996,f3e29eb8c6a053278df64171931c19c1,QTR1/,6ff8920159e152b0a503ef514d1293c6
company.960110.idx,101 KB,1999-10-14 13:43:05,https://www.sec.gov/Archives/edgar/daily-index/1996/QTR1/company.960110.idx,1996,f3e29eb8c6a053278df64171931c19c1,QTR1/,6a4fff6d7fc45ba488d228c5a85141c8
company.960111.idx,48 KB,1999-10-14 13:43:05,https://www.sec.gov/Archives/edgar/daily-index/1996/QTR1/company.960111.idx,1996,f3e29eb8c6a053278df64171931c19c1,QTR1/,b073e9617c3f53919bb7e8003ac90536
company.960112.idx,59 KB,1999-10-14 13:43:05,https://www.sec.gov/Archives/edgar/daily-index/1996/QTR1/company.960112.idx,1996,f3e29eb8c6a053278df64171931c19c1,QTR1/,8f739779e626505d9dbb8cfb57352204
company.960116.idx,115 KB,1999-10-14 13:43:05,https://www.sec.gov/Archives/edgar/daily-index/1996/QTR1/company.960116.idx,1996,f3e29eb8c6a053278df64171931c19c1,QTR1/,94bf580822f5589f9275f8d73f78100f
company.960117.idx,143 KB,1999-10-14 13:43:06,https://www.sec.gov/Archives/edgar/daily-index/1996/QTR1/company.960117.idx,1996,f3e29eb8c6a053278df64171931c19c1,QTR1/,03a29ec541c155bf8c37e2136e04c932
company.960118.idx,36 KB,1999-10-14 13:43:06,https://www.sec.gov/Archives/edgar/daily-index/1996/QTR1/company.960118.idx,1996,f3e29eb8c6a053278df64171931c19c1,QTR1/,1ed99a93683d58dc9cb00b0a201db260
company.960119.idx,77 KB,1999-10-14 13:43:06,https://www.sec.gov/Archives/edgar/daily-index/1996/QTR1/company.960119.idx,1996,f3e29eb8c6a053278df64171931c19c1,QTR1/,3a4f86fc659853d69a1d5b36b1998adb
company.960122.idx,54 KB,1999-10-14 13:43:06,https://www.sec.gov/Archives/edgar/daily-index/1996/QTR1/company.960122.idx,1996,f3e29eb8c6a053278df64171931c19c1,QTR1/,f0e802345ff151908432bcdfc5cee2f0
company.960123.idx,62 KB,1999-10-14 13:43:06,https://www.sec.gov/Archives/edgar/daily-index/1996/QTR1/company.960123.idx,1996,f3e29eb8c6a053278df64171931c19c1,QTR1/,b8a4e28b1c265cc38e5390bd0ba1e17d
company.960124.idx,53 KB,1999-10-14 13:43:06,https://www.sec.gov/Archives/edgar/daily-index/1996/QTR1/company.960124.idx,1996,f3e29eb8c6a053278df64171931c19c1,QTR1/,ef17a8ece51b5762b73c0186b91c8438
company.960125.idx,69 KB,1999-10-14 13:43:07,https://www.sec.gov/Archives/edgar/daily-index/1996/QTR1/company.960125.idx,1996,f3e29eb8c6a053278df64171931c19c1,QTR1/,5249cf7e37a05abc848336ea3491f882
company.960126.idx,96 KB,1999-10-14 13:43:07,https://www.sec.gov/Archives/edgar/daily-index/1996/QTR1/company.960126.idx,1996,f3e29eb8c6a053278df64171931c19c1,QTR1/,31e40f72f9a45380971540cd8b69688e
company.960129.idx,120 KB,1999-10-14 13:43:07,https://www.sec.gov/Archives/edgar/daily-index/1996/QTR1/company.960129.idx,1996,f3e29eb8c6a053278df64171931c19c1,QTR1/,bfacad4b53ff58d0b346c4b7837c2971
company.960130.idx,83 KB,1999-10-14 13:43:07,https://www.sec.gov/Archives/edgar/daily-index/1996/QTR1/company.960130.idx,1996,f3e29eb8c6a053278df64171931c19c1,QTR1/,2ed9c0667793543da369ffdb5440b31c
company.960131.idx,92 KB,1999-10-14 13:43:07,https://www.sec.gov/Archives/edgar/daily-index/1996/QTR1/company.960131.idx,1996,f3e29eb8c6a053278df64171931c19c1,QTR1/,34fa03779e86519896d59fae1ad8d897
company.960201.idx,92 KB,1999-10-14 13:43:07,https://www.sec.gov/Archives/edgar/daily-index/1996/QTR1/company.960201.idx,1996,f3e29eb8c6a053278df64171931c19c1,QTR1/,848436610683501291af69b7c185460c
company.960202.idx,188 KB,1999-10-14 13:43:08,https://www.sec.gov/Archives/edgar/daily-index/1996/QTR1/company.960202.idx,1996,f3e29eb8c6a053278df64171931c19c1,QTR1/,2b38edd6bbee528085ec97e8203d710c
company.960205.idx,77 KB,1999-10-14 13:43:08,https://www.sec.gov/Archives/edgar/daily-index/1996/QTR1/company.960205.idx,1996,f3e29eb8c6a053278df64171931c19c1,QTR1/,9807565e6ede5b698f7072e9192d251b
company.960206.idx,122 KB,1999-10-14 13:43:08,https://www.sec.gov/Archives/edgar/daily-index/1996/QTR1/company.960206.idx,1996,f3e29eb8c6a053278df64171931c19c1,QTR1/,9b4ae5238c4b5230912de1c334c36295
company.960207.idx,210 KB,1999-10-14 13:43:09,https://www.sec.gov/Archives/edgar/daily-index/1996/QTR1/company.960207.idx,1996,f3e29eb8c6a053278df64171931c19c1,QTR1/,da32368a4eef5861a623ba8c4847de51
company.960208.idx,140 KB,1999-10-14 13:43:09,https://www.sec.gov/Archives/edgar/daily-index/1996/QTR1/company.960208.idx,1996,f3e29eb8c6a053278df64171931c19c1,QTR1/,cf3fa2d0b6b557f199b7b77facd4db7c
company.960209.idx,250 KB,1999-10-14 13:43:09,https://www.sec.gov/Archives/edgar/daily-index/1996/QTR1/company.960209.idx,1996,f3e29eb8c6a053278df64171931c19c1,QTR1/,cfe46fdd6a025e61974fc15b6c346c30
company.960212.idx,375 KB,1999-10-14 13:43:10,https://www.sec.gov/Archives/edgar/daily-index/1996/QTR1/company.960212.idx,1996,f3e29eb8c6a053278df64171931c19c1,QTR1/,240e1a62d16951ff84903c01599bda37
company.960213.idx,482 KB,1999-10-14 13:43:10,https://www.sec.gov/Archives/edgar/daily-index/1996/QTR1/company.960213.idx,1996,f3e29eb8c6a053278df64171931c19c1,QTR1/,3ea26c2f741d5fd5aaa6c050dd337c6e
company.960214.idx,652 KB,1999-10-14 13:43:11,https://www.sec.gov/Archives/edgar/daily-index/1996/QTR1/company.960214.idx,1996,f3e29eb8c6a053278df64171931c19c1,QTR1/,e42eb90918c75d558150ea8d875d17af
company.960215.idx,1476 KB,1999-10-14 13:43:13,https://www.sec.gov/Archives/edgar/daily-index/1996/QTR1/company.960215.idx,1996,f3e29eb8c6a053278df64171931c19c1,QTR1/,37c94e729e1951c393bcf51bf8fcf3ce
company.960216.idx,144 KB,1999-10-14 13:43:14,https://www.sec.gov/Archives/edgar/daily-index/1996/QTR1/company.960216.idx,1996,f3e29eb8c6a053278df64171931c19c1,QTR1/,cbaeb384faae5fa490f0f2d04ff507b6
company.960220.idx,73 KB,1999-10-14 13:43:14,https://www.sec.gov/Archives/edgar/daily-index/1996/QTR1/company.960220.idx,1996,f3e29eb8c6a053278df64171931c19c1,QTR1/,00ed1bf966e151adafe8f46dc3f7c61d
company.960221.idx,61 KB,1999-10-14 13:43:14,https://www.sec.gov/Archives/edgar/daily-index/1996/QTR1/company.960221.idx,1996,f3e29eb8c6a053278df64171931c19c1,QTR1/,b7f6f8cb70945b6fa09bad2ea51438bc
company.960222.idx,75 KB,1999-10-14 13:43:14,https://www.sec.gov/Archives/edgar/daily-index/1996/QTR1/company.960222.idx,1996,f3e29eb8c6a053278df64171931c19c1,QTR1/,a18204fe731a5fb0b728d611447c8422
company.960223.idx,114 KB,1999-10-14 13:43:14,https://www.sec.gov/Archives/edgar/daily-index/1996/QTR1/company.960223.idx,1996,f3e29eb8c6a053278df64171931c19c1,QTR1/,5b6885f7ce7351068d705e824cb13441
company.960226.idx,99 KB,1999-10-14 13:43:14,https://www.sec.gov/Archives/edgar/daily-index/1996/QTR1/company.960226.idx,1996,f3e29eb8c6a053278df64171931c19c1,QTR1/,f440ada6cfd75414a8c01cf746a7722c
company.960227.idx,103 KB,1999-10-14 13:43:15,https://www.sec.gov/Archives/edgar/daily-index/1996/QTR1/company.960227.idx,1996,f3e29eb8c6a053278df64171931c19c1,QTR1/,eda363b4d8da5995a53f67a81667a467
company.960228.idx,213 KB,1999-10-14 13:43:15,https://www.sec.gov/Archives/edgar/daily-index/1996/QTR1/company.960228.idx,1996,f3e29eb8c6a053278df64171931c19c1,QTR1/,54444e11532e58d4aaaa428798d9e139
company.960229.idx,200 KB,1999-10-14 13:43:15,https://www.sec.gov/Archives/edgar/daily-index/1996/QTR1/company.960229.idx,1996,f3e29eb8c6a053278df64171931c19c1,QTR1/,7699166ea05750708f4a4444a52892fe
company.960301.idx,149 KB,1999-10-14 13:43:16,https://www.sec.gov/Archives/edgar/daily-index/1996/QTR1/company.960301.idx,1996,f3e29eb8c6a053278df64171931c19c1,QTR1/,7c67cdba13b059d89fa251aed9d450a9
company.960304.idx,191 KB,1999-10-14 13:43:16,https://www.sec.gov/Archives/edgar/daily-index/1996/QTR1/company.960304.idx,1996,f3e29eb8c6a053278df64171931c19c1,QTR1/,1f558697155c55a5ba84ee283f490f0b
company.960305.idx,57 KB,1999-10-14 13:43:16,https://www.sec.gov/Archives/edgar/daily-index/1996/QTR1/company.960305.idx,1996,f3e29eb8c6a053278df64171931c19c1,QTR1/,e975e7ec430a51648b90fa3b91e5dafc
company.960306.idx,71 KB,1999-10-14 13:43:16,https://www.sec.gov/Archives/edgar/daily-index/1996/QTR1/company.960306.idx,1996,f3e29eb8c6a053278df64171931c19c1,QTR1/,bad4ee8997315900b4c3e12df05dd19b
company.960307.idx,92 KB,1999-10-14 13:43:16,https://www.sec.gov/Archives/edgar/daily-index/1996/QTR1/company.960307.idx,1996,f3e29eb8c6a053278df64171931c19c1,QTR1/,23c0bf819d635ed894f596ab30e08595
company.960308.idx,142 KB,1999-10-14 13:43:17,https://www.sec.gov/Archives/edgar/daily-index/1996/QTR1/company.960308.idx,1996,f3e29eb8c6a053278df64171931c19c1,QTR1/,fe24bfdf2c7452cc8e25d0d004bd840a
company.960311.idx,89 KB,1999-10-14 13:43:17,https://www.sec.gov/Archives/edgar/daily-index/1996/QTR1/company.960311.idx,1996,f3e29eb8c6a053278df64171931c19c1,QTR1/,3a63cc65346a52238b39b147541b7ddc
company.960312.idx,67 KB,1999-10-14 13:43:17,https://www.sec.gov/Archives/edgar/daily-index/1996/QTR1/company.960312.idx,1996,f3e29eb8c6a053278df64171931c19c1,QTR1/,6654a35c2f60556fa7f4846e27d46ff6
company.960313.idx,60 KB,1999-10-14 13:43:17,https://www.sec.gov/Archives/edgar/daily-index/1996/QTR1/company.960313.idx,1996,f3e29eb8c6a053278df64171931c19c1,QTR1/,ca9221adb7965755b893db62536d24cd
company.960314.idx,68 KB,1999-10-14 13:43:17,https://www.sec.gov/Archives/edgar/daily-index/1996/QTR1/company.960314.idx,1996,f3e29eb8c6a053278df64171931c19c1,QTR1/,5e26926a0fcc597fb3a32d3d0aecc8bb
company.960315.idx,123 KB,1999-10-14 13:43:18,https://www.sec.gov/Archives/edgar/daily-index/1996/QTR1/company.960315.idx,1996,f3e29eb8c6a053278df64171931c19c1,QTR1/,612a8269b9d95c129693b320dc5a114f
company.960318.idx,54 KB,1999-10-14 13:43:18,https://www.sec.gov/Archives/edgar/daily-index/1996/QTR1/company.960318.idx,1996,f3e29eb8c6a053278df64171931c19c1,QTR1/,b524fdb007d95cc9817de78d53490e14
company.960319.idx,60 KB,1999-10-14 13:43:18,https://www.sec.gov/Archives/edgar/daily-index/1996/QTR1/company.960319.idx,1996,f3e29eb8c6a053278df64171931c19c1,QTR1/,a85b3123e0d650d2bc02f2654c445f34
company.960320.idx,55 KB,1999-10-14 13:43:18,https://www.sec.gov/Archives/edgar/daily-index/1996/QTR1/company.960320.idx,1996,f3e29eb8c6a053278df64171931c19c1,QTR1/,648babcef5e4550e84e3641cf54f1879
company.960321.idx,71 KB,1999-10-14 13:43:18,https://www.sec.gov/Archives/edgar/daily-index/1996/QTR1/company.960321.idx,1996,f3e29eb8c6a053278df64171931c19c1,QTR1/,9946227eeb9a5f06bb359c69cc6c8e77
company.960322.idx,84 KB,1999-10-14 13:43:18,https://www.sec.gov/Archives/edgar/daily-index/1996/QTR1/company.960322.idx,1996,f3e29eb8c6a053278df64171931c19c1,QTR1/,8f639e6de3f65ee2b46aa552ed8c665a
company.960325.idx,81 KB,1999-10-14 13:43:18,https://www.sec.gov/Archives/edgar/daily-index/1996/QTR1/company.960325.idx,1996,f3e29eb8c6a053278df64171931c19c1,QTR1/,820e1213efe65b87a6a2dab4b6abe29a
company.960326.idx,77 KB,1999-10-14 13:43:19,https://www.sec.gov/Archives/edgar/daily-index/1996/QTR1/company.960326.idx,1996,f3e29eb8c6a053278df64171931c19c1,QTR1/,97cb155649185f37bb348fd5f273099d
company.960327.idx,91 KB,1999-10-14 13:43:19,https://www.sec.gov/Archives/edgar/daily-index/1996/QTR1/company.960327.idx,1996,f3e29eb8c6a053278df64171931c19c1,QTR1/,20a34841d7755776a6acdabd31cdb99e
company.960328.idx,151 KB,1999-10-14 13:43:19,https://www.sec.gov/Archives/edgar/daily-index/1996/QTR1/company.960328.idx,1996,f3e29eb8c6a053278df64171931c19c1,QTR1/,6c5f436b19e057ba81d36bfe13a8052a
company.960329.idx,223 KB,1999-10-14 13:43:19,https://www.sec.gov/Archives/edgar/daily-index/1996/QTR1/company.960329.idx,1996,f3e29eb8c6a053278df64171931c19c1,QTR1/,c61d07a7df675512abd9b8d7a764af03
form.960102.idx,49 KB,1999-10-14 13:43:20,https://www.sec.gov/Archives/edgar/daily-index/1996/QTR1/form.960102.idx,1996,f3e29eb8c6a053278df64171931c19c1,QTR1/,75cb91b488e05e40bbdcbe15c679249d
form.960103.idx,61 KB,1999-10-14 13:43:20,https://www.sec.gov/Archives/edgar/daily-index/1996/QTR1/form.960103.idx,1996,f3e29eb8c6a053278df64171931c19c1,QTR1/,1a78f10029495e04a431c574e8e9faab
form.960104.idx,162 KB,1999-10-14 13:43:20,https://www.sec.gov/Archives/edgar/daily-index/1996/QTR1/form.960104.idx,1996,f3e29eb8c6a053278df64171931c19c1,QTR1/,7a5b0731b7095e3ebadf3d6f3e25cdbf
form.960105.idx,67 KB,1999-10-14 13:43:20,https://www.sec.gov/Archives/edgar/daily-index/1996/QTR1/form.960105.idx,1996,f3e29eb8c6a053278df64171931c19c1,QTR1/,c186fb266dd45ae1adbc48aa5bbd34c6
form.960108.idx,55 KB,1999-10-14 13:43:20,https://www.sec.gov/Archives/edgar/daily-index/1996/QTR1/form.960108.idx,1996,f3e29eb8c6a053278df64171931c19c1,QTR1/,02036ce8594951768b1d986448e6393f
form.960109.idx,55 KB,1999-10-14 13:43:20,https://www.sec.gov/Archives/edgar/daily-index/1996/QTR1/form.960109.idx,1996,f3e29eb8c6a053278df64171931c19c1,QTR1/,577892c448fa5fa98a1fea4806d17039
form.960110.idx,101 KB,1999-10-14 13:43:21,https://www.sec.gov/Archives/edgar/daily-index/1996/QTR1/form.960110.idx,1996,f3e29eb8c6a053278df64171931c19c1,QTR1/,595a144f08ef597f81de6a58be727f33
form.960111.idx,48 KB,1999-10-14 13:43:21,https://www.sec.gov/Archives/edgar/daily-index/1996/QTR1/form.960111.idx,1996,f3e29eb8c6a053278df64171931c19c1,QTR1/,7e63e934daef57b89bd67e5936859aeb
form.960112.idx,59 KB,1999-10-14 13:43:21,https://www.sec.gov/Archives/edgar/daily-index/1996/QTR1/form.960112.idx,1996,f3e29eb8c6a053278df64171931c19c1,QTR1/,51d781da792e52c29b8d85d82df9b3d4
form.960116.idx,115 KB,1999-10-14 13:43:21,https://www.sec.gov/Archives/edgar/daily-index/1996/QTR1/form.960116.idx,1996,f3e29eb8c6a053278df64171931c19c1,QTR1/,4d7c51c90fad5a91b9e912317c96882b
form.960117.idx,143 KB,1999-10-14 13:43:21,https://www.sec.gov/Archives/edgar/daily-index/1996/QTR1/form.960117.idx,1996,f3e29eb8c6a053278df64171931c19c1,QTR1/,bd7edec8014b58fa9d37432065a51c54
form.960118.idx,36 KB,1999-10-14 13:43:22,https://www.sec.gov/Archives/edgar/daily-index/1996/QTR1/form.960118.idx,1996,f3e29eb8c6a053278df64171931c19c1,QTR1/,38ad3124d29b5c4b832a92346bed0cd9
form.960119.idx,77 KB,1999-10-14 13:43:22,https://www.sec.gov/Archives/edgar/daily-index/1996/QTR1/form.960119.idx,1996,f3e29eb8c6a053278df64171931c19c1,QTR1/,59dd50a9adda5391bb7bc0c63d8fdd74
form.960122.idx,54 KB,1999-10-14 13:43:22,https://www.sec.gov/Archives/edgar/daily-index/1996/QTR1/form.960122.idx,1996,f3e29eb8c6a053278df64171931c19c1,QTR1/,9592ee8f83d65c69a4cfd084447d0662
form.960123.idx,62 KB,1999-10-14 13:43:22,https://www.sec.gov/Archives/edgar/daily-index/1996/QTR1/form.960123.idx,1996,f3e29eb8c6a053278df64171931c19c1,QTR1/,d741e602643f55e3888081f2a1cbafa4
form.960124.idx,53 KB,1999-10-14 13:43:22,https://www.sec.gov/Archives/edgar/daily-index/1996/QTR1/form.960124.idx,1996,f3e29eb8c6a053278df64171931c19c1,QTR1/,49bd7ad930b75543980bb7ee693246cd
form.960125.idx,69 KB,1999-10-14 13:43:22,https://www.sec.gov/Archives/edgar/daily-index/1996/QTR1/form.960125.idx,1996,f3e29eb8c6a053278df64171931c19c1,QTR1/,55f1a6eac21f50ea8856f79c1e90796a
form.960126.idx,96 KB,1999-10-14 13:43:22,https://www.sec.gov/Archives/edgar/daily-index/1996/QTR1/form.960126.idx,1996,f3e29eb8c6a053278df64171931c19c1,QTR1/,bb8c8591660859fb8748d773a4adc67d
form.960129.idx,120 KB,1999-10-14 13:43:23,https://www.sec.gov/Archives/edgar/daily-index/1996/QTR1/form.960129.idx,1996,f3e29eb8c6a053278df64171931c19c1,QTR1/,669c5444c45558e29bb4bec7eddccb28
form.960130.idx,83 KB,1999-10-14 13:43:23,https://www.sec.gov/Archives/edgar/daily-index/1996/QTR1/form.960130.idx,1996,f3e29eb8c6a053278df64171931c19c1,QTR1/,7df71341afd05702bac287b111a8ba15
form.960131.idx,92 KB,1999-10-14 13:43:23,https://www.sec.gov/Archives/edgar/daily-index/1996/QTR1/form.960131.idx,1996,f3e29eb8c6a053278df64171931c19c1,QTR1/,84428aeb2f1c5334afc4916ae2637c81
form.960201.idx,92 KB,1999-10-14 13:43:23,https://www.sec.gov/Archives/edgar/daily-index/1996/QTR1/form.960201.idx,1996,f3e29eb8c6a053278df64171931c19c1,QTR1/,0382d17fd4585a73ad27b6566be8e486
form.960202.idx,188 KB,1999-10-14 13:43:24,https://www.sec.gov/Archives/edgar/daily-index/1996/QTR1/form.960202.idx,1996,f3e29eb8c6a053278df64171931c19c1,QTR1/,ab657014f0fc52259b9b3e50b10cdf1d
form.960205.idx,77 KB,1999-10-14 13:43:24,https://www.sec.gov/Archives/edgar/daily-index/1996/QTR1/form.960205.idx,1996,f3e29eb8c6a053278df64171931c19c1,QTR1/,43a08adc8f2e593380e5965a4c9f86c6
form.960206.idx,122 KB,1999-10-14 13:43:24,https://www.sec.gov/Archives/edgar/daily-index/1996/QTR1/form.960206.idx,1996,f3e29eb8c6a053278df64171931c19c1,QTR1/,46d44ce23dfc5dc185716b2512342698
form.960207.idx,210 KB,1999-10-14 13:43:24,https://www.sec.gov/Archives/edgar/daily-index/1996/QTR1/form.960207.idx,1996,f3e29eb8c6a053278df64171931c19c1,QTR1/,0085a69b6c7252749791c0428e31b003
form.960208.idx,140 KB,1999-10-14 13:43:24,https://www.sec.gov/Archives/edgar/daily-index/1996/QTR1/form.960208.idx,1996,f3e29eb8c6a053278df64171931c19c1,QTR1/,3ec9df9a93075c7babe9cd0ef279ad8b
form.960209.idx,250 KB,1999-10-14 13:43:25,https://www.sec.gov/Archives/edgar/daily-index/1996/QTR1/form.960209.idx,1996,f3e29eb8c6a053278df64171931c19c1,QTR1/,05e2712f86625621bed7e4a0814ac681
form.960212.idx,375 KB,1999-10-14 13:43:25,https://www.sec.gov/Archives/edgar/daily-index/1996/QTR1/form.960212.idx,1996,f3e29eb8c6a053278df64171931c19c1,QTR1/,8c75db42a7135e64b62d887dc675bb7a
form.960213.idx,482 KB,1999-10-14 13:43:26,https://www.sec.gov/Archives/edgar/daily-index/1996/QTR1/form.960213.idx,1996,f3e29eb8c6a053278df64171931c19c1,QTR1/,dd475c6433945d20a6ba22ef61fdcc7c
form.960214.idx,652 KB,1999-10-14 13:43:27,https://www.sec.gov/Archives/edgar/daily-index/1996/QTR1/form.960214.idx,1996,f3e29eb8c6a053278df64171931c19c1,QTR1/,5467fbaff355517391ce5cb60cae6e0c
form.960215.idx,1476 KB,1999-10-14 13:43:29,https://www.sec.gov/Archives/edgar/daily-index/1996/QTR1/form.960215.idx,1996,f3e29eb8c6a053278df64171931c19c1,QTR1/,90793f35d79d5558a9311dc5c0307b90
form.960216.idx,144 KB,1999-10-14 13:43:29,https://www.sec.gov/Archives/edgar/daily-index/1996/QTR1/form.960216.idx,1996,f3e29eb8c6a053278df64171931c19c1,QTR1/,0896f88d1dbf5383853c244933e829d5
form.960220.idx,73 KB,1999-10-14 13:43:29,https://www.sec.gov/Archives/edgar/daily-index/1996/QTR1/form.960220.idx,1996,f3e29eb8c6a053278df64171931c19c1,QTR1/,2bc81c9b9e7d5fb29263bfd96d2b3053
form.960221.idx,61 KB,1999-10-14 13:43:30,https://www.sec.gov/Archives/edgar/daily-index/1996/QTR1/form.960221.idx,1996,f3e29eb8c6a053278df64171931c19c1,QTR1/,5cacad798e0a58c083b3852fe91af114
form.960222.idx,75 KB,1999-10-14 13:43:30,https://www.sec.gov/Archives/edgar/daily-index/1996/QTR1/form.960222.idx,1996,f3e29eb8c6a053278df64171931c19c1,QTR1/,1479ed3480a659b4ac742e42c7d25377
form.960223.idx,114 KB,1999-10-14 13:43:30,https://www.sec.gov/Archives/edgar/daily-index/1996/QTR1/form.960223.idx,1996,f3e29eb8c6a053278df64171931c19c1,QTR1/,1bebc13cb26257a8a821c3b602a7f607
form.960226.idx,99 KB,1999-10-14 13:43:30,https://www.sec.gov/Archives/edgar/daily-index/1996/QTR1/form.960226.idx,1996,f3e29eb8c6a053278df64171931c19c1,QTR1/,86d04a0c5cc95038bd58ce11c6fe803c
form.960227.idx,103 KB,1999-10-14 13:43:30,https://www.sec.gov/Archives/edgar/daily-index/1996/QTR1/form.960227.idx,1996,f3e29eb8c6a053278df64171931c19c1,QTR1/,8eebd51e8b8a5133a3a097ab655eb685
form.960228.idx,213 KB,1999-10-14 13:43:31,https://www.sec.gov/Archives/edgar/daily-index/1996/QTR1/form.960228.idx,1996,f3e29eb8c6a053278df64171931c19c1,QTR1/,9c843f9f3d5654f6841e972022c72178
form.960229.idx,200 KB,1999-10-14 13:43:31,https://www.sec.gov/Archives/edgar/daily-index/1996/QTR1/form.960229.idx,1996,f3e29eb8c6a053278df64171931c19c1,QTR1/,bf689644582e594d99e1f0849353fc9e
form.960301.idx,149 KB,1999-10-14 13:43:31,https://www.sec.gov/Archives/edgar/daily-index/1996/QTR1/form.960301.idx,1996,f3e29eb8c6a053278df64171931c19c1,QTR1/,d903e912e7b85ff2b5261f639838e52d
form.960304.idx,191 KB,1999-10-14 13:43:32,https://www.sec.gov/Archives/edgar/daily-index/1996/QTR1/form.960304.idx,1996,f3e29eb8c6a053278df64171931c19c1,QTR1/,ed434c47d3025b689a5d90525d2ca4ed
form.960305.idx,57 KB,1999-10-14 13:43:32,https://www.sec.gov/Archives/edgar/daily-index/1996/QTR1/form.960305.idx,1996,f3e29eb8c6a053278df64171931c19c1,QTR1/,c9fc6350fcb9506b86ee486d56978f6e
form.960306.idx,71 KB,1999-10-14 13:43:32,https://www.sec.gov/Archives/edgar/daily-index/1996/QTR1/form.960306.idx,1996,f3e29eb8c6a053278df64171931c19c1,QTR1/,db6dcf77cec856e7afa30644965881af
form.960307.idx,92 KB,1999-10-14 13:43:32,https://www.sec.gov/Archives/edgar/daily-index/1996/QTR1/form.960307.idx,1996,f3e29eb8c6a053278df64171931c19c1,QTR1/,3cd98be0fe1854b38938d2993742f28d
form.960308.idx,142 KB,1999-10-14 13:43:32,https://www.sec.gov/Archives/edgar/daily-index/1996/QTR1/form.960308.idx,1996,f3e29eb8c6a053278df64171931c19c1,QTR1/,5832ea4ae4c65eeaaca274a74cbc8838
form.960311.idx,89 KB,1999-10-14 13:43:33,https://www.sec.gov/Archives/edgar/daily-index/1996/QTR1/form.960311.idx,1996,f3e29eb8c6a053278df64171931c19c1,QTR1/,3a8e7b8c323b5e6182bfe18699c62db7
form.960312.idx,67 KB,1999-10-14 13:43:33,https://www.sec.gov/Archives/edgar/daily-index/1996/QTR1/form.960312.idx,1996,f3e29eb8c6a053278df64171931c19c1,QTR1/,51ecc6fb4f775aab80473f3553eed881
form.960313.idx,60 KB,1999-10-14 13:43:33,https://www.sec.gov/Archives/edgar/daily-index/1996/QTR1/form.960313.idx,1996,f3e29eb8c6a053278df64171931c19c1,QTR1/,cfd55c93af635818a8e3faf215e8d1f6
form.960314.idx,68 KB,1999-10-14 13:43:33,https://www.sec.gov/Archives/edgar/daily-index/1996/QTR1/form.960314.idx,1996,f3e29eb8c6a053278df64171931c19c1,QTR1/,e3f06d730a015203951eacb3f6a77b96
form.960315.idx,123 KB,1999-10-14 13:43:33,https://www.sec.gov/Archives/edgar/daily-index/1996/QTR1/form.960315.idx,1996,f3e29eb8c6a053278df64171931c19c1,QTR1/,5ffc05b0b7595b35a3e647eb0b5d1ea2
form.960318.idx,54 KB,1999-10-14 13:43:33,https://www.sec.gov/Archives/edgar/daily-index/1996/QTR1/form.960318.idx,1996,f3e29eb8c6a053278df64171931c19c1,QTR1/,d0135abaa7c25dc9889d1f86362a38f4
form.960319.idx,60 KB,1999-10-14 13:43:33,https://www.sec.gov/Archives/edgar/daily-index/1996/QTR1/form.960319.idx,1996,f3e29eb8c6a053278df64171931c19c1,QTR1/,4f67482a7d9858259a98966fbd26a499
form.960320.idx,55 KB,1999-10-14 13:43:34,https://www.sec.gov/Archives/edgar/daily-index/1996/QTR1/form.960320.idx,1996,f3e29eb8c6a053278df64171931c19c1,QTR1/,059882b104455f16a19c82f7ef849bc1
form.960321.idx,71 KB,1999-10-14 13:43:34,https://www.sec.gov/Archives/edgar/daily-index/1996/QTR1/form.960321.idx,1996,f3e29eb8c6a053278df64171931c19c1,QTR1/,e343bd16c29b55efbf2b28c948953e23
form.960322.idx,84 KB,1999-10-14 13:43:34,https://www.sec.gov/Archives/edgar/daily-index/1996/QTR1/form.960322.idx,1996,f3e29eb8c6a053278df64171931c19c1,QTR1/,9f9e810e970c5b3ea945e46b96d306a3
form.960325.idx,81 KB,1999-10-14 13:43:34,https://www.sec.gov/Archives/edgar/daily-index/1996/QTR1/form.960325.idx,1996,f3e29eb8c6a053278df64171931c19c1,QTR1/,58c44459e94d58da888b06d6d08b3b46
form.960326.idx,77 KB,1999-10-14 13:43:34,https://www.sec.gov/Archives/edgar/daily-index/1996/QTR1/form.960326.idx,1996,f3e29eb8c6a053278df64171931c19c1,QTR1/,c8a1b94d73e35e5084e634d9c5656fba
form.960327.idx,91 KB,1999-10-14 13:43:35,https://www.sec.gov/Archives/edgar/daily-index/1996/QTR1/form.960327.idx,1996,f3e29eb8c6a053278df64171931c19c1,QTR1/,49e049097d07550b91cc5a6b837438d5
form.960328.idx,151 KB,1999-10-14 13:43:35,https://www.sec.gov/Archives/edgar/daily-index/1996/QTR1/form.960328.idx,1996,f3e29eb8c6a053278df64171931c19c1,QTR1/,b25c74d527a2533c812424df6b4f750d
form.960329.idx,223 KB,1999-10-14 13:43:35,https://www.sec.gov/Archives/edgar/daily-index/1996/QTR1/form.960329.idx,1996,f3e29eb8c6a053278df64171931c19c1,QTR1/,c88bca17d2d85ab79c39fffec4ea44d0
master.960102.idx,31 KB,1999-10-14 13:43:35,https://www.sec.gov/Archives/edgar/daily-index/1996/QTR1/master.960102.idx,1996,f3e29eb8c6a053278df64171931c19c1,QTR1/,e016f92c43605b42951d8922915da067
master.960103.idx,38 KB,1999-10-14 13:43:35,https://www.sec.gov/Archives/edgar/daily-index/1996/QTR1/master.960103.idx,1996,f3e29eb8c6a053278df64171931c19c1,QTR1/,f9ac2828e4e85f9498ad2cc85f0a7fd6
master.960104.idx,98 KB,1999-10-14 13:43:36,https://www.sec.gov/Archives/edgar/daily-index/1996/QTR1/master.960104.idx,1996,f3e29eb8c6a053278df64171931c19c1,QTR1/,39371a4aebae5caa9ebce8f4fbd33541
master.960105.idx,42 KB,1999-10-14 13:43:36,https://www.sec.gov/Archives/edgar/daily-index/1996/QTR1/master.960105.idx,1996,f3e29eb8c6a053278df64171931c19c1,QTR1/,a417610f4c9555c78b7e687736385028
master.960108.idx,35 KB,1999-10-14 13:43:36,https://www.sec.gov/Archives/edgar/daily-index/1996/QTR1/master.960108.idx,1996,f3e29eb8c6a053278df64171931c19c1,QTR1/,f883526b42c95d689bacb7be728948bb
master.960109.idx,36 KB,1999-10-14 13:43:36,https://www.sec.gov/Archives/edgar/daily-index/1996/QTR1/master.960109.idx,1996,f3e29eb8c6a053278df64171931c19c1,QTR1/,25f9dcd2101c5346bdf9749f552ceaf7
master.960110.idx,61 KB,1999-10-14 13:43:36,https://www.sec.gov/Archives/edgar/daily-index/1996/QTR1/master.960110.idx,1996,f3e29eb8c6a053278df64171931c19c1,QTR1/,87f609c8058651cc83c0d5723c8ad67b
master.960111.idx,29 KB,1999-10-14 13:43:36,https://www.sec.gov/Archives/edgar/daily-index/1996/QTR1/master.960111.idx,1996,f3e29eb8c6a053278df64171931c19c1,QTR1/,5bd4a8b86ca85866a799bb9f1a10444f
master.960112.idx,36 KB,1999-10-14 13:43:36,https://www.sec.gov/Archives/edgar/daily-index/1996/QTR1/master.960112.idx,1996,f3e29eb8c6a053278df64171931c19c1,QTR1/,e7afd881e64f5a199c549965db5ff1d1
master.960116.idx,74 KB,1999-10-14 13:43:36,https://www.sec.gov/Archives/edgar/daily-index/1996/QTR1/master.960116.idx,1996,f3e29eb8c6a053278df64171931c19c1,QTR1/,789a02b652de58bc984f665c761cf587
master.960117.idx,108 KB,1999-10-14 13:43:37,https://www.sec.gov/Archives/edgar/daily-index/1996/QTR1/master.960117.idx,1996,f3e29eb8c6a053278df64171931c19c1,QTR1/,f8ef51c4fc4d55ee9f2362a9cfdf4936
master.960118.idx,23 KB,1999-10-14 13:43:37,https://www.sec.gov/Archives/edgar/daily-index/1996/QTR1/master.960118.idx,1996,f3e29eb8c6a053278df64171931c19c1,QTR1/,71ccacddcc60552fbfc9b0782d0d01ae
master.960119.idx,48 KB,1999-10-14 13:43:37,https://www.sec.gov/Archives/edgar/daily-index/1996/QTR1/master.960119.idx,1996,f3e29eb8c6a053278df64171931c19c1,QTR1/,837044db2f2d5f85b16b0d05f37b0a3f
master.960122.idx,35 KB,1999-10-14 13:43:37,https://www.sec.gov/Archives/edgar/daily-index/1996/QTR1/master.960122.idx,1996,f3e29eb8c6a053278df64171931c19c1,QTR1/,1d46d1cbc3df5966b60d8bb27883cb7d
master.960123.idx,38 KB,1999-10-14 13:43:37,https://www.sec.gov/Archives/edgar/daily-index/1996/QTR1/master.960123.idx,1996,f3e29eb8c6a053278df64171931c19c1,QTR1/,efec61b14f8c550b86e291798cfe60c3
master.960124.idx,33 KB,1999-10-14 13:43:37,https://www.sec.gov/Archives/edgar/daily-index/1996/QTR1/master.960124.idx,1996,f3e29eb8c6a053278df64171931c19c1,QTR1/,98dbaabd472653a1a866cf24ce7009e7
master.960125.idx,45 KB,1999-10-14 13:43:37,https://www.sec.gov/Archives/edgar/daily-index/1996/QTR1/master.960125.idx,1996,f3e29eb8c6a053278df64171931c19c1,QTR1/,71e5371be57459169234f28d92d13914
master.960126.idx,60 KB,1999-10-14 13:43:37,https://www.sec.gov/Archives/edgar/daily-index/1996/QTR1/master.960126.idx,1996,f3e29eb8c6a053278df64171931c19c1,QTR1/,82cd78aa9cc3532ab06e3395e7b1d9d0
master.960129.idx,77 KB,1999-10-14 13:43:38,https://www.sec.gov/Archives/edgar/daily-index/1996/QTR1/master.960129.idx,1996,f3e29eb8c6a053278df64171931c19c1,QTR1/,86bb9e170a4556fea6c746390a0b5407
master.960130.idx,54 KB,1999-10-14 13:43:38,https://www.sec.gov/Archives/edgar/daily-index/1996/QTR1/master.960130.idx,1996,f3e29eb8c6a053278df64171931c19c1,QTR1/,8c1a6ecec157543fab47b36f9720470f
master.960131.idx,60 KB,1999-10-14 13:43:38,https://www.sec.gov/Archives/edgar/daily-index/1996/QTR1/master.960131.idx,1996,f3e29eb8c6a053278df64171931c19c1,QTR1/,5161e440a987534ebe0b187d40f44b2e
master.960201.idx,57 KB,1999-10-14 13:43:38,https://www.sec.gov/Archives/edgar/daily-index/1996/QTR1/master.960201.idx,1996,f3e29eb8c6a053278df64171931c19c1,QTR1/,441b2ec08382541cb49c520ae4d617a1
master.960202.idx,118 KB,1999-10-14 13:43:38,https://www.sec.gov/Archives/edgar/daily-index/1996/QTR1/master.960202.idx,1996,f3e29eb8c6a053278df64171931c19c1,QTR1/,c08f1a4a857852c4b28a743a5ef152d2
master.960205.idx,48 KB,1999-10-14 13:43:38,https://www.sec.gov/Archives/edgar/daily-index/1996/QTR1/master.960205.idx,1996,f3e29eb8c6a053278df64171931c19c1,QTR1/,3666742f719f51d8976760a20efb2e8c
master.960206.idx,78 KB,1999-10-14 13:43:38,https://www.sec.gov/Archives/edgar/daily-index/1996/QTR1/master.960206.idx,1996,f3e29eb8c6a053278df64171931c19c1,QTR1/,cb2a9781d3845618aae59fb407f59561
master.960207.idx,136 KB,1999-10-14 13:43:39,https://www.sec.gov/Archives/edgar/daily-index/1996/QTR1/master.960207.idx,1996,f3e29eb8c6a053278df64171931c19c1,QTR1/,bfadcca823ca52cdb65c6b0d21459273
master.960208.idx,88 KB,1999-10-14 13:43:39,https://www.sec.gov/Archives/edgar/daily-index/1996/QTR1/master.960208.idx,1996,f3e29eb8c6a053278df64171931c19c1,QTR1/,d104b6d94a905bb49953feb754fd7d76
master.960209.idx,156 KB,1999-10-14 13:43:39,https://www.sec.gov/Archives/edgar/daily-index/1996/QTR1/master.960209.idx,1996,f3e29eb8c6a053278df64171931c19c1,QTR1/,9629dd0ed55b5ef6a13e89d893873101
master.960212.idx,230 KB,1999-10-14 13:43:40,https://www.sec.gov/Archives/edgar/daily-index/1996/QTR1/master.960212.idx,1996,f3e29eb8c6a053278df64171931c19c1,QTR1/,d8df4e9550eb5413bc55ba6a55c928ba
master.960213.idx,294 KB,1999-10-14 13:43:42,https://www.sec.gov/Archives/edgar/daily-index/1996/QTR1/master.960213.idx,1996,f3e29eb8c6a053278df64171931c19c1,QTR1/,5d8e200082e055beb4fa5cbeea152b41
master.960214.idx,401 KB,1999-10-14 13:43:42,https://www.sec.gov/Archives/edgar/daily-index/1996/QTR1/master.960214.idx,1996,f3e29eb8c6a053278df64171931c19c1,QTR1/,4c9c101577525865a3466f5d27686dc9
master.960215.idx,927 KB,1999-10-14 13:43:44,https://www.sec.gov/Archives/edgar/daily-index/1996/QTR1/master.960215.idx,1996,f3e29eb8c6a053278df64171931c19c1,QTR1/,f5309b55eb7b5a18b881a39737a374d6
master.960216.idx,105 KB,1999-10-14 13:43:44,https://www.sec.gov/Archives/edgar/daily-index/1996/QTR1/master.960216.idx,1996,f3e29eb8c6a053278df64171931c19c1,QTR1/,374ea428a81d52998f29563a1f1ce1b8
master.960220.idx,45 KB,1999-10-14 13:43:44,https://www.sec.gov/Archives/edgar/daily-index/1996/QTR1/master.960220.idx,1996,f3e29eb8c6a053278df64171931c19c1,QTR1/,1d8592deb66858e2a588df88104b6b7c
master.960221.idx,38 KB,1999-10-14 13:43:44,https://www.sec.gov/Archives/edgar/daily-index/1996/QTR1/master.960221.idx,1996,f3e29eb8c6a053278df64171931c19c1,QTR1/,2dee3b8637e052e08e9cb71f986f3c9c
master.960222.idx,48 KB,1999-10-14 13:43:44,https://www.sec.gov/Archives/edgar/daily-index/1996/QTR1/master.960222.idx,1996,f3e29eb8c6a053278df64171931c19c1,QTR1/,c6243c229ee25bcb9e8e399ab8355130
master.960223.idx,73 KB,1999-10-14 13:43:45,https://www.sec.gov/Archives/edgar/daily-index/1996/QTR1/master.960223.idx,1996,f3e29eb8c6a053278df64171931c19c1,QTR1/,9f80d2bd98725489a5529636d777dcfc
master.960226.idx,66 KB,1999-10-14 13:43:45,https://www.sec.gov/Archives/edgar/daily-index/1996/QTR1/master.960226.idx,1996,f3e29eb8c6a053278df64171931c19c1,QTR1/,22638e04b40a5f8d9791908e60ae4313
master.960227.idx,69 KB,1999-10-14 13:43:45,https://www.sec.gov/Archives/edgar/daily-index/1996/QTR1/master.960227.idx,1996,f3e29eb8c6a053278df64171931c19c1,QTR1/,675b992f8b405f4badb7b095e16f2efb
master.960228.idx,145 KB,1999-10-14 13:43:45,https://www.sec.gov/Archives/edgar/daily-index/1996/QTR1/master.960228.idx,1996,f3e29eb8c6a053278df64171931c19c1,QTR1/,e6b1d0cd9e2353fca81480c7e4b9abf1
master.960229.idx,132 KB,1999-10-14 13:43:45,https://www.sec.gov/Archives/edgar/daily-index/1996/QTR1/master.960229.idx,1996,f3e29eb8c6a053278df64171931c19c1,QTR1/,cfe11b2165b653018380503b2db831b1
master.960301.idx,99 KB,1999-10-14 13:43:46,https://www.sec.gov/Archives/edgar/daily-index/1996/QTR1/master.960301.idx,1996,f3e29eb8c6a053278df64171931c19c1,QTR1/,15c49cd7d1b95037a6f13e22923200e1
master.960304.idx,118 KB,1999-10-14 13:43:46,https://www.sec.gov/Archives/edgar/daily-index/1996/QTR1/master.960304.idx,1996,f3e29eb8c6a053278df64171931c19c1,QTR1/,37c9f94c88505eed963ea3fcd01cbb48
master.960305.idx,36 KB,1999-10-14 13:43:46,https://www.sec.gov/Archives/edgar/daily-index/1996/QTR1/master.960305.idx,1996,f3e29eb8c6a053278df64171931c19c1,QTR1/,18279b33fe825d75ad43b3f581b4c380
master.960306.idx,45 KB,1999-10-14 13:43:46,https://www.sec.gov/Archives/edgar/daily-index/1996/QTR1/master.960306.idx,1996,f3e29eb8c6a053278df64171931c19c1,QTR1/,a7adb302e65657f89133515618c9c20a
master.960307.idx,57 KB,1999-10-14 13:43:46,https://www.sec.gov/Archives/edgar/daily-index/1996/QTR1/master.960307.idx,1996,f3e29eb8c6a053278df64171931c19c1,QTR1/,709b8dc65d2a5df4857ead9eb4cad036
master.960308.idx,89 KB,1999-10-14 13:43:47,https://www.sec.gov/Archives/edgar/daily-index/1996/QTR1/master.960308.idx,1996,f3e29eb8c6a053278df64171931c19c1,QTR1/,05f1dace6c7e500b9494deec15b3c228
master.960311.idx,56 KB,1999-10-14 13:43:47,https://www.sec.gov/Archives/edgar/daily-index/1996/QTR1/master.960311.idx,1996,f3e29eb8c6a053278df64171931c19c1,QTR1/,d8e2dde7c6a8556989e9dc4a08032b0f
master.960312.idx,42 KB,1999-10-14 13:43:47,https://www.sec.gov/Archives/edgar/daily-index/1996/QTR1/master.960312.idx,1996,f3e29eb8c6a053278df64171931c19c1,QTR1/,2cba7d0b066e50d1bcae04debcb857a2
master.960313.idx,37 KB,1999-10-14 13:43:47,https://www.sec.gov/Archives/edgar/daily-index/1996/QTR1/master.960313.idx,1996,f3e29eb8c6a053278df64171931c19c1,QTR1/,72dbbcc35bf25faebec74fa68464a31f
master.960314.idx,43 KB,1999-10-14 13:43:47,https://www.sec.gov/Archives/edgar/daily-index/1996/QTR1/master.960314.idx,1996,f3e29eb8c6a053278df64171931c19c1,QTR1/,a8884cee86ed5daaac9812c0d238cf43
master.960315.idx,77 KB,1999-10-14 13:43:47,https://www.sec.gov/Archives/edgar/daily-index/1996/QTR1/master.960315.idx,1996,f3e29eb8c6a053278df64171931c19c1,QTR1/,80de455fcd9b52dbaf1cdeec6ecdd704
master.960318.idx,34 KB,1999-10-14 13:43:47,https://www.sec.gov/Archives/edgar/daily-index/1996/QTR1/master.960318.idx,1996,f3e29eb8c6a053278df64171931c19c1,QTR1/,2731a25d53c65f899cb958389613f24a
master.960319.idx,36 KB,1999-10-14 13:43:48,https://www.sec.gov/Archives/edgar/daily-index/1996/QTR1/master.960319.idx,1996,f3e29eb8c6a053278df64171931c19c1,QTR1/,2b92c32260785a9781bbc17087f55479
master.960320.idx,34 KB,1999-10-14 13:43:48,https://www.sec.gov/Archives/edgar/daily-index/1996/QTR1/master.960320.idx,1996,f3e29eb8c6a053278df64171931c19c1,QTR1/,bee8dc4761f0572d8d75a17371c53c67
master.960321.idx,45 KB,1999-10-14 13:43:48,https://www.sec.gov/Archives/edgar/daily-index/1996/QTR1/master.960321.idx,1996,f3e29eb8c6a053278df64171931c19c1,QTR1/,5f8e3136289951cd8f2d4c94748fa0d8
master.960322.idx,51 KB,1999-10-14 13:43:48,https://www.sec.gov/Archives/edgar/daily-index/1996/QTR1/master.960322.idx,1996,f3e29eb8c6a053278df64171931c19c1,QTR1/,605f8c2d458c517fbfba9ab7d680afa6
master.960325.idx,50 KB,1999-10-14 13:43:48,https://www.sec.gov/Archives/edgar/daily-index/1996/QTR1/master.960325.idx,1996,f3e29eb8c6a053278df64171931c19c1,QTR1/,2cad065e8d4d5c549411e9c5f1976d7a
master.960326.idx,49 KB,1999-10-14 13:43:48,https://www.sec.gov/Archives/edgar/daily-index/1996/QTR1/master.960326.idx,1996,f3e29eb8c6a053278df64171931c19c1,QTR1/,088ff9903aa35a52bd49f4d96224b490
master.960327.idx,56 KB,1999-10-14 13:43:48,https://www.sec.gov/Archives/edgar/daily-index/1996/QTR1/master.960327.idx,1996,f3e29eb8c6a053278df64171931c19c1,QTR1/,8339522163f15b47a86723a982da667c
master.960328.idx,94 KB,1999-10-14 13:43:49,https://www.sec.gov/Archives/edgar/daily-index/1996/QTR1/master.960328.idx,1996,f3e29eb8c6a053278df64171931c19c1,QTR1/,bfb7ed60525358d1bd6971a371e1b03b
master.960329.idx,139 KB,1999-10-14 13:43:49,https://www.sec.gov/Archives/edgar/daily-index/1996/QTR1/master.960329.idx,1996,f3e29eb8c6a053278df64171931c19c1,QTR1/,bc4fe8b06a0052cb9982f966b62a8e21
